"ubiReg","reg","ubiPro","pro","parti","votos"
"030000","APURIMAC","030100","ABANCAY","UNION POR EL PERU",17760
"080000","HUANCAVELICA","080200","ACOBAMBA","UNION POR EL PERU",9031
"070000","CUSCO","070200","ACOMAYO","UNION POR EL PERU",5550
"020000","ANCASH","020200","AIJA","UNION POR EL PERU",1375
"940000","EUROPA","940200","ALEMANIA","UNIDAD NACIONAL",1296
"150000","LORETO","150200","ALTO AMAZONAS","UNION POR EL PERU",9924
"090000","HUANUCO","090200","AMBO","UNION POR EL PERU",8587
"030000","APURIMAC","030300","ANDAHUAYLAS","UNION POR EL PERU",26653
"080000","HUANCAVELICA","080300","ANGARAES","UNION POR EL PERU",7860
"070000","CUSCO","070300","ANTA","UNION POR EL PERU",12042
"030000","APURIMAC","030400","ANTABAMBA","UNION POR EL PERU",1739
"920000","AMERICA","920100","ANTILLAS HOLANDESAS","UNIDAD NACIONAL",100
"020000","ANCASH","021600","ANTONIO RAIMONDI","UNION POR EL PERU",2992
"040000","AREQUIPA","040100","AREQUIPA","UNION POR EL PERU",238173
"910000","AFRICA","910100","ARGELIA","UNIDAD NACIONAL",1
"920000","AMERICA","920200","ARGENTINA","UNIDAD NACIONAL",14943
"120000","LA LIBERTAD","120800","ASCOPE","PARTIDO APRISTA PERUANO",41447
"020000","ANCASH","021800","ASUNCION","UNION POR EL PERU",1368
"250000","UCAYALI","250300","ATALAYA","UNION POR EL PERU",2204
"950000","OCEANIA","950100","AUSTRALIA","UNIDAD NACIONAL",399
"940000","EUROPA","940300","AUSTRIA","UNIDAD NACIONAL",150
"190000","PIURA","190200","AYABACA","UNION POR EL PERU",15350
"030000","APURIMAC","030200","AYMARAES","UNION POR EL PERU",5331
"200000","PUNO","200200","AZANGARO","UNION POR EL PERU",25856
"010000","AMAZONAS","010200","BAGUA","UNION POR EL PERU",8056
"140000","LIMA","140900","BARRANCA","PARTIDO APRISTA PERUANO",25389
"940000","EUROPA","940400","BELGICA","UNIDAD NACIONAL",546
"210000","SAN MARTIN","210700","BELLAVISTA","UNION POR EL PERU",5430
"120000","LA LIBERTAD","120200","BOLIVAR","PARTIDO APRISTA PERUANO",1652
"920000","AMERICA","920400","BOLIVIA","UNIDAD NACIONAL",1095
"020000","ANCASH","020300","BOLOGNESI","UNION POR EL PERU",3867
"010000","AMAZONAS","010300","BONGARA","UNION POR EL PERU",2884
"920000","AMERICA","920500","BRASIL","UNIDAD NACIONAL",1415
"940000","EUROPA","940500","BULGARIA","UNIDAD NACIONAL",10
"060000","CAJAMARCA","060200","CAJABAMBA","ALIANZA POR EL FUTURO",8582
"060000","CAJAMARCA","060100","CAJAMARCA","PARTIDO APRISTA PERUANO",28864
"140000","LIMA","140200","CAJATAMBO","UNION POR EL PERU",1049
"070000","CUSCO","070400","CALCA","UNION POR EL PERU",13945
"240000","CALLAO","240100","CALLAO","PARTIDO APRISTA PERUANO",133934
"040000","AREQUIPA","040300","CAMANA","UNION POR EL PERU",11762
"920000","AMERICA","920600","CANADA","UNIDAD NACIONAL",3200
"070000","CUSCO","070500","CANAS","UNION POR EL PERU",8742
"070000","CUSCO","070600","CANCHIS","UNION POR EL PERU",28097
"220000","TACNA","220400","CANDARAVE","UNION POR EL PERU",2294
"140000","LIMA","140400","CAÑETE","PARTIDO APRISTA PERUANO",27599
"050000","AYACUCHO","050200","CANGALLO","UNION POR EL PERU",6716
"140000","LIMA","140300","CANTA","UNION POR EL PERU",2374
"200000","PUNO","200300","CARABAYA","UNION POR EL PERU",8990
"040000","AREQUIPA","040400","CARAVELI","UNION POR EL PERU",4423
"020000","ANCASH","020400","CARHUAZ","UNION POR EL PERU",6595
"020000","ANCASH","021700","CARLOS FERMIN FITZCARRALD","UNION POR EL PERU",3054
"020000","ANCASH","020500","CASMA","PARTIDO APRISTA PERUANO",7061
"040000","AREQUIPA","040500","CASTILLA","UNION POR EL PERU",8919
"080000","HUANCAVELICA","080400","CASTROVIRREYNA","UNION POR EL PERU",2776
"040000","AREQUIPA","040200","CAYLLOMA","UNION POR EL PERU",19416
"060000","CAJAMARCA","060300","CELENDIN","PARTIDO APRISTA PERUANO",6237
"010000","AMAZONAS","010100","CHACHAPOYAS","UNION POR EL PERU",6235
"110000","JUNIN","110800","CHANCHAMAYO","UNION POR EL PERU",17820
"120000","LA LIBERTAD","120900","CHEPEN","PARTIDO APRISTA PERUANO",17304
"130000","LAMBAYEQUE","130100","CHICLAYO","PARTIDO APRISTA PERUANO",140624
"920000","AMERICA","921000","CHILE","UNIDAD NACIONAL",12785
"930000","ASIA","930200","CHINA, REPUBLICA POPULAR","UNIDAD NACIONAL",99
"100000","ICA","100200","CHINCHA","PARTIDO APRISTA PERUANO",35410
"030000","APURIMAC","030700","CHINCHEROS","UNION POR EL PERU",8644
"060000","CAJAMARCA","060600","CHOTA","UNION POR EL PERU",16314
"200000","PUNO","200400","CHUCUITO","UNION POR EL PERU",22321
"070000","CUSCO","070700","CHUMBIVILCAS","UNION POR EL PERU",13762
"110000","JUNIN","110900","CHUPACA","UNION POR EL PERU",12465
"080000","HUANCAVELICA","080700","CHURCAMPA","UNION POR EL PERU",7275
"920000","AMERICA","920700","COLOMBIA","UNIDAD NACIONAL",775
"110000","JUNIN","110200","CONCEPCION","UNION POR EL PERU",10448
"040000","AREQUIPA","040600","CONDESUYOS","UNION POR EL PERU",3715
"010000","AMAZONAS","010600","CONDORCANQUI","UNION POR EL PERU",3124
"230000","TUMBES","230200","CONTRALMIRANTE VILLAR","UNIDAD NACIONAL",1998
"060000","CAJAMARCA","060400","CONTUMAZA","PARTIDO APRISTA PERUANO",7152
"930000","ASIA","930100","COREA DEL SUR, REPUBLICA DE","UNIDAD NACIONAL",28
"250000","UCAYALI","250100","CORONEL PORTILLO","UNION POR EL PERU",36927
"020000","ANCASH","020600","CORONGO","UNION POR EL PERU",850
"920000","AMERICA","920800","COSTA RICA","UNIDAD NACIONAL",675
"030000","APURIMAC","030500","COTABAMBAS","UNION POR EL PERU",6683
"920000","AMERICA","920900","CUBA","UNION POR EL PERU",261
"070000","CUSCO","070100","CUSCO","UNION POR EL PERU",83615
"060000","CAJAMARCA","060500","CUTERVO","UNION POR EL PERU",11843
"180000","PASCO","180200","DANIEL ALCIDES CARRION","UNION POR EL PERU",4438
"150000","LORETO","150700","DATEM DEL MARAÑON","UNION POR EL PERU",2818
"940000","EUROPA","940800","DINAMARCA","UNIDAD NACIONAL",52
"090000","HUANUCO","090300","DOS DE MAYO","UNION POR EL PERU",6392
"920000","AMERICA","921100","ECUADOR","UNIDAD NACIONAL",888
"910000","AFRICA","910300","EGIPTO, REPUBLICA ARABE","UNIDAD NACIONAL",14
"200000","PUNO","201200","EL COLLAO","UNION POR EL PERU",18577
"210000","SAN MARTIN","211000","EL DORADO","UNION POR EL PERU",2613
"920000","AMERICA","921200","EL SALVADOR","UNIDAD NACIONAL",57
"940000","EUROPA","943800","ESLOVAQUIA","UNIDAD NACIONAL",4
"940000","EUROPA","940900","ESPAÑA","UNIDAD NACIONAL",19991
"070000","CUSCO","070800","ESPINAR","UNION POR EL PERU",14265
"920000","AMERICA","921300","ESTADOS UNIDOS DE AMERICA","UNIDAD NACIONAL",42501
"940000","EUROPA","944400","ESTONIA","UNIDAD NACIONAL",3
"130000","LAMBAYEQUE","130200","FERREÑAFE","PARTIDO APRISTA PERUANO",14279
"930000","ASIA","933200","FILIPINAS","ALIANZA PARA EL PROGRESO",0
"930000","ASIA","933200","FILIPINAS","ALIANZA POR EL FUTURO",0
"930000","ASIA","933200","FILIPINAS","AVANZA PAIS - PARTIDO DE INTEGRACION SOCIAL",0
"930000","ASIA","933200","FILIPINAS","CON FUERZA PERU",0
"930000","ASIA","933200","FILIPINAS","CONCERTACION DESCENTRALISTA",0
"930000","ASIA","933200","FILIPINAS","FRENTE DE CENTRO",0
"930000","ASIA","933200","FILIPINAS","FUERZA DEMOCRATICA",0
"930000","ASIA","933200","FILIPINAS","MOVIMIENTO NUEVA IZQUIERDA",0
"930000","ASIA","933200","FILIPINAS","PARTIDO APRISTA PERUANO",0
"930000","ASIA","933200","FILIPINAS","PARTIDO JUSTICIA NACIONAL",0
"930000","ASIA","933200","FILIPINAS","PARTIDO RECONSTRUCCION DEMOCRATICA",0
"930000","ASIA","933200","FILIPINAS","PARTIDO RENACIMIENTO ANDINO",0
"930000","ASIA","933200","FILIPINAS","PARTIDO SOCIALISTA",0
"930000","ASIA","933200","FILIPINAS","PERU AHORA",0
"930000","ASIA","933200","FILIPINAS","PROGRESEMOS PERU",0
"930000","ASIA","933200","FILIPINAS","RESTAURACION NACIONAL",0
"930000","ASIA","933200","FILIPINAS","RESURGIMIENTO PERUANO",0
"930000","ASIA","933200","FILIPINAS","UNIDAD NACIONAL",0
"930000","ASIA","933200","FILIPINAS","UNION POR EL PERU",0
"930000","ASIA","933200","FILIPINAS","Y SE LLAMA PERU",0
"940000","EUROPA","941000","FINLANDIA","UNIDAD NACIONAL",38
"940000","EUROPA","941100","FRANCIA","UNIDAD NACIONAL",1151
"170000","MOQUEGUA","170200","GENERAL SANCHEZ CERRO","UNION POR EL PERU",4886
"940000","EUROPA","941200","GRAN BRETAÑA","UNIDAD NACIONAL",628
"120000","LA LIBERTAD","121100","GRAN CHIMU","PARTIDO APRISTA PERUANO",6460
"030000","APURIMAC","030600","GRAU","UNION POR EL PERU",3957
"940000","EUROPA","941300","GRECIA","UNIDAD NACIONAL",39
"920000","AMERICA","921500","GUATEMALA","UNIDAD NACIONAL",131
"920000","AMERICA","923000","GUAYANA FRANCESA","ALIANZA PARA EL PROGRESO",0
"920000","AMERICA","923000","GUAYANA FRANCESA","ALIANZA POR EL FUTURO",0
"920000","AMERICA","923000","GUAYANA FRANCESA","AVANZA PAIS - PARTIDO DE INTEGRACION SOCIAL",0
"920000","AMERICA","923000","GUAYANA FRANCESA","CON FUERZA PERU",0
"920000","AMERICA","923000","GUAYANA FRANCESA","CONCERTACION DESCENTRALISTA",0
"920000","AMERICA","923000","GUAYANA FRANCESA","FRENTE DE CENTRO",0
"920000","AMERICA","923000","GUAYANA FRANCESA","FUERZA DEMOCRATICA",0
"920000","AMERICA","923000","GUAYANA FRANCESA","MOVIMIENTO NUEVA IZQUIERDA",0
"920000","AMERICA","923000","GUAYANA FRANCESA","PARTIDO APRISTA PERUANO",0
"920000","AMERICA","923000","GUAYANA FRANCESA","PARTIDO JUSTICIA NACIONAL",0
"920000","AMERICA","923000","GUAYANA FRANCESA","PARTIDO RECONSTRUCCION DEMOCRATICA",0
"920000","AMERICA","923000","GUAYANA FRANCESA","PARTIDO RENACIMIENTO ANDINO",0
"920000","AMERICA","923000","GUAYANA FRANCESA","PARTIDO SOCIALISTA",0
"920000","AMERICA","923000","GUAYANA FRANCESA","PERU AHORA",0
"920000","AMERICA","923000","GUAYANA FRANCESA","PROGRESEMOS PERU",0
"920000","AMERICA","923000","GUAYANA FRANCESA","RESTAURACION NACIONAL",0
"920000","AMERICA","923000","GUAYANA FRANCESA","RESURGIMIENTO PERUANO",0
"920000","AMERICA","923000","GUAYANA FRANCESA","UNIDAD NACIONAL",0
"920000","AMERICA","923000","GUAYANA FRANCESA","UNION POR EL PERU",0
"920000","AMERICA","923000","GUAYANA FRANCESA","Y SE LLAMA PERU",0
"940000","EUROPA","941400","HOLANDA","UNIDAD NACIONAL",305
"920000","AMERICA","921700","HONDURAS","UNIDAD NACIONAL",68
"090000","HUANUCO","090900","HUACAYBAMBA","UNION POR EL PERU",2641
"060000","CAJAMARCA","060700","HUALGAYOC","UNION POR EL PERU",8205
"210000","SAN MARTIN","210200","HUALLAGA","UNION POR EL PERU",2946
"090000","HUANUCO","090400","HUAMALIES","UNION POR EL PERU",7939
"050000","AYACUCHO","050100","HUAMANGA","UNION POR EL PERU",55047
"050000","AYACUCHO","050800","HUANCA SANCOS","UNION POR EL PERU",2446
"190000","PIURA","190300","HUANCABAMBA","UNION POR EL PERU",13993
"200000","PUNO","200500","HUANCANE","UNION POR EL PERU",17886
"080000","HUANCAVELICA","080100","HUANCAVELICA","UNION POR EL PERU",26964
"110000","JUNIN","110100","HUANCAYO","UNION POR EL PERU",98156
"050000","AYACUCHO","050300","HUANTA","UNION POR EL PERU",18123
"090000","HUANUCO","090100","HUANUCO","UNION POR EL PERU",39327
"140000","LIMA","140800","HUARAL","UNIDAD NACIONAL",20841
"020000","ANCASH","020100","HUARAZ","UNION POR EL PERU",23096
"020000","ANCASH","020800","HUARI","UNION POR EL PERU",9126
"020000","ANCASH","021900","HUARMEY","UNION POR EL PERU",4061
"140000","LIMA","140600","HUAROCHIRI","UNION POR EL PERU",11485
"140000","LIMA","140500","HUAURA","PARTIDO APRISTA PERUANO",30475
"020000","ANCASH","020700","HUAYLAS","UNION POR EL PERU",6024
"080000","HUANCAVELICA","080600","HUAYTARA","UNION POR EL PERU",3518
"940000","EUROPA","941500","HUNGRIA","UNIDAD NACIONAL",29
"100000","ICA","100100","ICA","PARTIDO APRISTA PERUANO",58385
"170000","MOQUEGUA","170300","ILO","UNION POR EL PERU",13485
"930000","ASIA","930400","INDIA","UNIDAD NACIONAL",5
"930000","ASIA","931100","INDONESIA","UNIDAD NACIONAL",5
"930000","ASIA","932400","IRAN","ALIANZA PARA EL PROGRESO",0
"930000","ASIA","932400","IRAN","ALIANZA POR EL FUTURO",0
"930000","ASIA","932400","IRAN","AVANZA PAIS - PARTIDO DE INTEGRACION SOCIAL",0
"930000","ASIA","932400","IRAN","CON FUERZA PERU",0
"930000","ASIA","932400","IRAN","CONCERTACION DESCENTRALISTA",0
"930000","ASIA","932400","IRAN","FRENTE DE CENTRO",0
"930000","ASIA","932400","IRAN","FUERZA DEMOCRATICA",0
"930000","ASIA","932400","IRAN","MOVIMIENTO NUEVA IZQUIERDA",0
"930000","ASIA","932400","IRAN","PARTIDO APRISTA PERUANO",0
"930000","ASIA","932400","IRAN","PARTIDO JUSTICIA NACIONAL",0
"930000","ASIA","932400","IRAN","PARTIDO RECONSTRUCCION DEMOCRATICA",0
"930000","ASIA","932400","IRAN","PARTIDO RENACIMIENTO ANDINO",0
"930000","ASIA","932400","IRAN","PARTIDO SOCIALISTA",0
"930000","ASIA","932400","IRAN","PERU AHORA",0
"930000","ASIA","932400","IRAN","PROGRESEMOS PERU",0
"930000","ASIA","932400","IRAN","RESTAURACION NACIONAL",0
"930000","ASIA","932400","IRAN","RESURGIMIENTO PERUANO",0
"930000","ASIA","932400","IRAN","UNIDAD NACIONAL",0
"930000","ASIA","932400","IRAN","UNION POR EL PERU",0
"930000","ASIA","932400","IRAN","Y SE LLAMA PERU",0
"940000","EUROPA","941600","ISLANDIA","ALIANZA PARA EL PROGRESO",0
"940000","EUROPA","941600","ISLANDIA","ALIANZA POR EL FUTURO",0
"940000","EUROPA","941600","ISLANDIA","AVANZA PAIS - PARTIDO DE INTEGRACION SOCIAL",0
"940000","EUROPA","941600","ISLANDIA","CON FUERZA PERU",0
"940000","EUROPA","941600","ISLANDIA","CONCERTACION DESCENTRALISTA",0
"940000","EUROPA","941600","ISLANDIA","FRENTE DE CENTRO",0
"940000","EUROPA","941600","ISLANDIA","FUERZA DEMOCRATICA",0
"940000","EUROPA","941600","ISLANDIA","MOVIMIENTO NUEVA IZQUIERDA",0
"940000","EUROPA","941600","ISLANDIA","PARTIDO APRISTA PERUANO",0
"940000","EUROPA","941600","ISLANDIA","PARTIDO JUSTICIA NACIONAL",0
"940000","EUROPA","941600","ISLANDIA","PARTIDO RECONSTRUCCION DEMOCRATICA",0
"940000","EUROPA","941600","ISLANDIA","PARTIDO RENACIMIENTO ANDINO",0
"940000","EUROPA","941600","ISLANDIA","PARTIDO SOCIALISTA",0
"940000","EUROPA","941600","ISLANDIA","PERU AHORA",0
"940000","EUROPA","941600","ISLANDIA","PROGRESEMOS PERU",0
"940000","EUROPA","941600","ISLANDIA","RESTAURACION NACIONAL",0
"940000","EUROPA","941600","ISLANDIA","RESURGIMIENTO PERUANO",0
"940000","EUROPA","941600","ISLANDIA","UNIDAD NACIONAL",0
"940000","EUROPA","941600","ISLANDIA","UNION POR EL PERU",0
"940000","EUROPA","941600","ISLANDIA","Y SE LLAMA PERU",0
"040000","AREQUIPA","040700","ISLAY","UNION POR EL PERU",13556
"930000","ASIA","930600","ISRAEL","UNIDAD NACIONAL",80
"940000","EUROPA","941700","ITALIA","UNIDAD NACIONAL",15029
"060000","CAJAMARCA","060800","JAEN","UNION POR EL PERU",25559
"920000","AMERICA","921800","JAMAICA","UNIDAD NACIONAL",8
"930000","ASIA","930700","JAPON","UNIDAD NACIONAL",5956
"110000","JUNIN","110300","JAUJA","UNION POR EL PERU",20957
"220000","TACNA","220300","JORGE BASADRE","UNION POR EL PERU",2019
"120000","LA LIBERTAD","121000","JULCAN","PARTIDO APRISTA PERUANO",10197
"110000","JUNIN","110400","JUNIN","UNION POR EL PERU",6370
"070000","CUSCO","070900","LA CONVENCION","UNION POR EL PERU",33075
"050000","AYACUCHO","050400","LA MAR","UNION POR EL PERU",15242
"040000","AREQUIPA","040800","LA UNION","UNION POR EL PERU",3503
"210000","SAN MARTIN","210300","LAMAS","UNION POR EL PERU",6916
"130000","LAMBAYEQUE","130300","LAMBAYEQUE","PARTIDO APRISTA PERUANO",39020
"200000","PUNO","200600","LAMPA","UNION POR EL PERU",9052
"090000","HUANUCO","091000","LAURICOCHA","UNION POR EL PERU",4258
"090000","HUANUCO","090600","LEONCIO PRADO","UNION POR EL PERU",15625
"930000","ASIA","930800","LIBANO","ALIANZA PARA EL PROGRESO",0
"930000","ASIA","930800","LIBANO","ALIANZA POR EL FUTURO",0
"930000","ASIA","930800","LIBANO","AVANZA PAIS - PARTIDO DE INTEGRACION SOCIAL",0
"930000","ASIA","930800","LIBANO","CON FUERZA PERU",0
"930000","ASIA","930800","LIBANO","CONCERTACION DESCENTRALISTA",0
"930000","ASIA","930800","LIBANO","FRENTE DE CENTRO",0
"930000","ASIA","930800","LIBANO","FUERZA DEMOCRATICA",0
"930000","ASIA","930800","LIBANO","MOVIMIENTO NUEVA IZQUIERDA",0
"930000","ASIA","930800","LIBANO","PARTIDO APRISTA PERUANO",0
"930000","ASIA","930800","LIBANO","PARTIDO JUSTICIA NACIONAL",0
"930000","ASIA","930800","LIBANO","PARTIDO RECONSTRUCCION DEMOCRATICA",0
"930000","ASIA","930800","LIBANO","PARTIDO RENACIMIENTO ANDINO",0
"930000","ASIA","930800","LIBANO","PARTIDO SOCIALISTA",0
"930000","ASIA","930800","LIBANO","PERU AHORA",0
"930000","ASIA","930800","LIBANO","PROGRESEMOS PERU",0
"930000","ASIA","930800","LIBANO","RESTAURACION NACIONAL",0
"930000","ASIA","930800","LIBANO","RESURGIMIENTO PERUANO",0
"930000","ASIA","930800","LIBANO","UNIDAD NACIONAL",0
"930000","ASIA","930800","LIBANO","UNION POR EL PERU",0
"930000","ASIA","930800","LIBANO","Y SE LLAMA PERU",0
"140000","LIMA","140100","LIMA","UNIDAD NACIONAL",1456772
"150000","LORETO","150300","LORETO","UNION POR EL PERU",3929
"050000","AYACUCHO","050500","LUCANAS","UNION POR EL PERU",10080
"940000","EUROPA","942000","LUXEMBURGO, GRAN DUCADO DE","UNIDAD NACIONAL",33
"010000","AMAZONAS","010400","LUYA","UNION POR EL PERU",4706
"930000","ASIA","933000","MALASIA","UNIDAD NACIONAL",6
"940000","EUROPA","942100","MALTA","ALIANZA PARA EL PROGRESO",0
"940000","EUROPA","942100","MALTA","ALIANZA POR EL FUTURO",0
"940000","EUROPA","942100","MALTA","AVANZA PAIS - PARTIDO DE INTEGRACION SOCIAL",0
"940000","EUROPA","942100","MALTA","CON FUERZA PERU",0
"940000","EUROPA","942100","MALTA","CONCERTACION DESCENTRALISTA",0
"940000","EUROPA","942100","MALTA","FRENTE DE CENTRO",0
"940000","EUROPA","942100","MALTA","FUERZA DEMOCRATICA",0
"940000","EUROPA","942100","MALTA","MOVIMIENTO NUEVA IZQUIERDA",0
"940000","EUROPA","942100","MALTA","PARTIDO APRISTA PERUANO",0
"940000","EUROPA","942100","MALTA","PARTIDO JUSTICIA NACIONAL",0
"940000","EUROPA","942100","MALTA","PARTIDO RECONSTRUCCION DEMOCRATICA",0
"940000","EUROPA","942100","MALTA","PARTIDO RENACIMIENTO ANDINO",0
"940000","EUROPA","942100","MALTA","PARTIDO SOCIALISTA",0
"940000","EUROPA","942100","MALTA","PERU AHORA",0
"940000","EUROPA","942100","MALTA","PROGRESEMOS PERU",0
"940000","EUROPA","942100","MALTA","RESTAURACION NACIONAL",0
"940000","EUROPA","942100","MALTA","RESURGIMIENTO PERUANO",0
"940000","EUROPA","942100","MALTA","UNIDAD NACIONAL",0
"940000","EUROPA","942100","MALTA","UNION POR EL PERU",0
"940000","EUROPA","942100","MALTA","Y SE LLAMA PERU",0
"160000","MADRE DE DIOS","160200","MANU","UNION POR EL PERU",2130
"090000","HUANUCO","090500","MARAÑON","UNION POR EL PERU",2228
"210000","SAN MARTIN","210400","MARISCAL CACERES","UNION POR EL PERU",6581
"020000","ANCASH","020900","MARISCAL LUZURIAGA","UNION POR EL PERU",2538
"170000","MOQUEGUA","170100","MARISCAL NIETO","UNION POR EL PERU",16292
"150000","LORETO","150600","MARISCAL RAMON CASTILLA","UNION POR EL PERU",3547
"910000","AFRICA","910500","MARRUECOS","UNIDAD NACIONAL",8
"150000","LORETO","150100","MAYNAS","UNION POR EL PERU",57253
"200000","PUNO","200700","MELGAR","UNION POR EL PERU",17429
"920000","AMERICA","921900","MEXICO","UNIDAD NACIONAL",631
"200000","PUNO","201300","MOHO","UNION POR EL PERU",6343
"940000","EUROPA","942200","MONACO, PRINCIPADO DE","ALIANZA PARA EL PROGRESO",0
"940000","EUROPA","942200","MONACO, PRINCIPADO DE","ALIANZA POR EL FUTURO",0
"940000","EUROPA","942200","MONACO, PRINCIPADO DE","AVANZA PAIS - PARTIDO DE INTEGRACION SOCIAL",0
"940000","EUROPA","942200","MONACO, PRINCIPADO DE","CON FUERZA PERU",0
"940000","EUROPA","942200","MONACO, PRINCIPADO DE","CONCERTACION DESCENTRALISTA",0
"940000","EUROPA","942200","MONACO, PRINCIPADO DE","FRENTE DE CENTRO",0
"940000","EUROPA","942200","MONACO, PRINCIPADO DE","FUERZA DEMOCRATICA",0
"940000","EUROPA","942200","MONACO, PRINCIPADO DE","MOVIMIENTO NUEVA IZQUIERDA",0
"940000","EUROPA","942200","MONACO, PRINCIPADO DE","PARTIDO APRISTA PERUANO",0
"940000","EUROPA","942200","MONACO, PRINCIPADO DE","PARTIDO JUSTICIA NACIONAL",0
"940000","EUROPA","942200","MONACO, PRINCIPADO DE","PARTIDO RECONSTRUCCION DEMOCRATICA",0
"940000","EUROPA","942200","MONACO, PRINCIPADO DE","PARTIDO RENACIMIENTO ANDINO",0
"940000","EUROPA","942200","MONACO, PRINCIPADO DE","PARTIDO SOCIALISTA",0
"940000","EUROPA","942200","MONACO, PRINCIPADO DE","PERU AHORA",0
"940000","EUROPA","942200","MONACO, PRINCIPADO DE","PROGRESEMOS PERU",0
"940000","EUROPA","942200","MONACO, PRINCIPADO DE","RESTAURACION NACIONAL",0
"940000","EUROPA","942200","MONACO, PRINCIPADO DE","RESURGIMIENTO PERUANO",0
"940000","EUROPA","942200","MONACO, PRINCIPADO DE","UNIDAD NACIONAL",0
"940000","EUROPA","942200","MONACO, PRINCIPADO DE","UNION POR EL PERU",0
"940000","EUROPA","942200","MONACO, PRINCIPADO DE","Y SE LLAMA PERU",0
"190000","PIURA","190400","MORROPON","PARTIDO APRISTA PERUANO",27167
"210000","SAN MARTIN","210100","MOYOBAMBA","UNION POR EL PERU",11770
"100000","ICA","100300","NAZCA","UNION POR EL PERU",9774
"920000","AMERICA","922000","NICARAGUA","UNIDAD NACIONAL",59
"940000","EUROPA","942300","NORUEGA","UNIDAD NACIONAL",17
"950000","OCEANIA","950200","NUEVA ZELANDA","UNIDAD NACIONAL",92
"020000","ANCASH","022000","OCROS","UNION POR EL PERU",850
"120000","LA LIBERTAD","120400","OTUZCO","PARTIDO APRISTA PERUANO",20050
"180000","PASCO","180300","OXAPAMPA","ALIANZA POR EL FUTURO",8727
"140000","LIMA","141000","OYON","PARTIDO APRISTA PERUANO",1820
"120000","LA LIBERTAD","120500","PACASMAYO","PARTIDO APRISTA PERUANO",24569
"090000","HUANUCO","090700","PACHITEA","UNION POR EL PERU",6512
"250000","UCAYALI","250200","PADRE ABAD","UNION POR EL PERU",6765
"190000","PIURA","190500","PAITA","PARTIDO APRISTA PERUANO",15735
"020000","ANCASH","021000","PALLASCA","UNION POR EL PERU",2587
"100000","ICA","100500","PALPA","PARTIDO APRISTA PERUANO",2601
"920000","AMERICA","922100","PANAMA","UNIDAD NACIONAL",464
"920000","AMERICA","922200","PARAGUAY","UNIDAD NACIONAL",463
"050000","AYACUCHO","050600","PARINACOCHAS","UNION POR EL PERU",5633
"070000","CUSCO","071000","PARURO","UNION POR EL PERU",5086
"180000","PASCO","180100","PASCO","PARTIDO APRISTA PERUANO",21726
"120000","LA LIBERTAD","120600","PATAZ","PARTIDO APRISTA PERUANO",4586
"050000","AYACUCHO","051000","PAUCAR DEL SARA SARA","UNION POR EL PERU",2058
"070000","CUSCO","071100","PAUCARTAMBO","UNION POR EL PERU",6420
"210000","SAN MARTIN","210900","PICOTA","UNION POR EL PERU",4571
"100000","ICA","100400","PISCO","PARTIDO APRISTA PERUANO",21280
"190000","PIURA","190100","PIURA","PARTIDO APRISTA PERUANO",85788
"940000","EUROPA","942400","POLONIA","UNIDAD NACIONAL",19
"020000","ANCASH","021100","POMABAMBA","UNION POR EL PERU",3038
"940000","EUROPA","942500","PORTUGAL","UNIDAD NACIONAL",51
"090000","HUANUCO","090800","PUERTO INCA","UNION POR EL PERU",2808
"920000","AMERICA","922300","PUERTO RICO","UNIDAD NACIONAL",207
"200000","PUNO","200100","PUNO","UNION POR EL PERU",48137
"250000","UCAYALI","250400","PURUS","UNIDAD NACIONAL",463
"070000","CUSCO","071200","QUISPICANCHI","UNION POR EL PERU",15657
"020000","ANCASH","021200","RECUAY","UNION POR EL PERU",3594
"940000","EUROPA","940600","REPUBLICA CHECA","UNIDAD NACIONAL",33
"920000","AMERICA","922400","REPUBLICA DOMINICANA","UNIDAD NACIONAL",137
"150000","LORETO","150400","REQUENA","RESTAURACION NACIONAL",3887
"210000","SAN MARTIN","210500","RIOJA","UNION POR EL PERU",9377
"010000","AMAZONAS","010500","RODRIGUEZ DE MENDOZA","PARTIDO APRISTA PERUANO",2916
"940000","EUROPA","942600","RUMANIA","ALIANZA POR EL FUTURO",4
"940000","EUROPA","942900","RUSIA","UNIDAD NACIONAL",95
"200000","PUNO","201100","SAN ANTONIO DE PUTINA","UNION POR EL PERU",5136
"060000","CAJAMARCA","061100","SAN IGNACIO","UNION POR EL PERU",14770
"060000","CAJAMARCA","061200","SAN MARCOS","ALIANZA POR EL FUTURO",6287
"210000","SAN MARTIN","210600","SAN MARTIN","UNION POR EL PERU",18397
"060000","CAJAMARCA","061000","SAN MIGUEL","UNION POR EL PERU",5764
"060000","CAJAMARCA","061300","SAN PABLO","UNION POR EL PERU",2948
"200000","PUNO","200900","SAN ROMAN","UNION POR EL PERU",44887
"120000","LA LIBERTAD","120300","SANCHEZ CARRION","PARTIDO APRISTA PERUANO",12374
"200000","PUNO","200800","SANDIA","UNION POR EL PERU",11526
"020000","ANCASH","021300","SANTA","PARTIDO APRISTA PERUANO",94478
"060000","CAJAMARCA","060900","SANTA CRUZ","UNION POR EL PERU",5034
"120000","LA LIBERTAD","120700","SANTIAGO DE CHUCO","PARTIDO APRISTA PERUANO",11741
"110000","JUNIN","110700","SATIPO","UNION POR EL PERU",14786
"190000","PIURA","190800","SECHURA","PARTIDO APRISTA PERUANO",6768
"020000","ANCASH","021400","SIHUAS","UNION POR EL PERU",4047
"930000","ASIA","932500","SINGAPUR","UNIDAD NACIONAL",8
"930000","ASIA","931200","SIRIA","ALIANZA PARA EL PROGRESO",0
"930000","ASIA","931200","SIRIA","ALIANZA POR EL FUTURO",0
"930000","ASIA","931200","SIRIA","AVANZA PAIS - PARTIDO DE INTEGRACION SOCIAL",0
"930000","ASIA","931200","SIRIA","CON FUERZA PERU",0
"930000","ASIA","931200","SIRIA","CONCERTACION DESCENTRALISTA",0
"930000","ASIA","931200","SIRIA","FRENTE DE CENTRO",0
"930000","ASIA","931200","SIRIA","FUERZA DEMOCRATICA",0
"930000","ASIA","931200","SIRIA","MOVIMIENTO NUEVA IZQUIERDA",0
"930000","ASIA","931200","SIRIA","PARTIDO APRISTA PERUANO",0
"930000","ASIA","931200","SIRIA","PARTIDO JUSTICIA NACIONAL",0
"930000","ASIA","931200","SIRIA","PARTIDO RECONSTRUCCION DEMOCRATICA",0
"930000","ASIA","931200","SIRIA","PARTIDO RENACIMIENTO ANDINO",0
"930000","ASIA","931200","SIRIA","PARTIDO SOCIALISTA",0
"930000","ASIA","931200","SIRIA","PERU AHORA",0
"930000","ASIA","931200","SIRIA","PROGRESEMOS PERU",0
"930000","ASIA","931200","SIRIA","RESTAURACION NACIONAL",0
"930000","ASIA","931200","SIRIA","RESURGIMIENTO PERUANO",0
"930000","ASIA","931200","SIRIA","UNIDAD NACIONAL",0
"930000","ASIA","931200","SIRIA","UNION POR EL PERU",0
"930000","ASIA","931200","SIRIA","Y SE LLAMA PERU",0
"050000","AYACUCHO","051100","SUCRE","UNION POR EL PERU",2065
"910000","AFRICA","910600","SUDAFRICA","UNIDAD NACIONAL",23
"940000","EUROPA","942700","SUECIA","UNIDAD NACIONAL",244
"940000","EUROPA","942800","SUIZA","UNIDAD NACIONAL",1283
"190000","PIURA","190600","SULLANA","PARTIDO APRISTA PERUANO",43143
"220000","TACNA","220100","TACNA","UNION POR EL PERU",61755
"160000","MADRE DE DIOS","160300","TAHUAMANU","PARTIDO APRISTA PERUANO",942
"930000","ASIA","931000","TAILANDIA","UNIDAD NACIONAL",3
"190000","PIURA","190700","TALARA","PARTIDO APRISTA PERUANO",22949
"160000","MADRE DE DIOS","160100","TAMBOPATA","UNION POR EL PERU",12629
"220000","TACNA","220200","TARATA","UNION POR EL PERU",2582
"110000","JUNIN","110500","TARMA","UNION POR EL PERU",20036
"080000","HUANCAVELICA","080500","TAYACAJA","UNION POR EL PERU",20302
"210000","SAN MARTIN","210800","TOCACHE","UNION POR EL PERU",10847
"120000","LA LIBERTAD","120100","TRUJILLO","PARTIDO APRISTA PERUANO",212423
"230000","TUMBES","230100","TUMBES","UNION POR EL PERU",16038
"910000","AFRICA","910900","TUNEZ","ALIANZA PARA EL PROGRESO",0
"910000","AFRICA","910900","TUNEZ","ALIANZA POR EL FUTURO",0
"910000","AFRICA","910900","TUNEZ","AVANZA PAIS - PARTIDO DE INTEGRACION SOCIAL",0
"910000","AFRICA","910900","TUNEZ","CON FUERZA PERU",0
"910000","AFRICA","910900","TUNEZ","CONCERTACION DESCENTRALISTA",0
"910000","AFRICA","910900","TUNEZ","FRENTE DE CENTRO",0
"910000","AFRICA","910900","TUNEZ","FUERZA DEMOCRATICA",0
"910000","AFRICA","910900","TUNEZ","MOVIMIENTO NUEVA IZQUIERDA",0
"910000","AFRICA","910900","TUNEZ","PARTIDO APRISTA PERUANO",0
"910000","AFRICA","910900","TUNEZ","PARTIDO JUSTICIA NACIONAL",0
"910000","AFRICA","910900","TUNEZ","PARTIDO RECONSTRUCCION DEMOCRATICA",0
"910000","AFRICA","910900","TUNEZ","PARTIDO RENACIMIENTO ANDINO",0
"910000","AFRICA","910900","TUNEZ","PARTIDO SOCIALISTA",0
"910000","AFRICA","910900","TUNEZ","PERU AHORA",0
"910000","AFRICA","910900","TUNEZ","PROGRESEMOS PERU",0
"910000","AFRICA","910900","TUNEZ","RESTAURACION NACIONAL",0
"910000","AFRICA","910900","TUNEZ","RESURGIMIENTO PERUANO",0
"910000","AFRICA","910900","TUNEZ","UNIDAD NACIONAL",0
"910000","AFRICA","910900","TUNEZ","UNION POR EL PERU",0
"910000","AFRICA","910900","TUNEZ","Y SE LLAMA PERU",0
"930000","ASIA","931500","TURQUIA","UNIDAD NACIONAL",5
"150000","LORETO","150500","UCAYALI","PARTIDO APRISTA PERUANO",6179
"940000","EUROPA","943400","UCRANIA","UNION POR EL PERU",12
"070000","CUSCO","071300","URUBAMBA","UNION POR EL PERU",14296
"920000","AMERICA","922700","URUGUAY","UNIDAD NACIONAL",214
"010000","AMAZONAS","010700","UTCUBAMBA","UNION POR EL PERU",11126
"920000","AMERICA","922800","VENEZUELA","UNIDAD NACIONAL",5198
"050000","AYACUCHO","050700","VICTOR FAJARDO","UNION POR EL PERU",5242
"050000","AYACUCHO","050900","VILCAS HUAMAN","UNION POR EL PERU",4032
"120000","LA LIBERTAD","121200","VIRU","PARTIDO APRISTA PERUANO",18230
"090000","HUANUCO","091100","YAROWILCA","UNION POR EL PERU",5560
"110000","JUNIN","110600","YAULI","PARTIDO APRISTA PERUANO",7613
"140000","LIMA","140700","YAUYOS","UNION POR EL PERU",4446
"020000","ANCASH","021500","YUNGAY","UNION POR EL PERU",6418
"200000","PUNO","201000","YUNGUYO","UNION POR EL PERU",10120
"230000","TUMBES","230300","ZARUMILLA","UNIDAD NACIONAL",4183
